{
  "HVIGOR_OHOS_PLUGIN": {
    "MODULES": [
      {
        "MODULE_NAME": "1043bfc77febe75fafec0c4309faccf1",
        "API_TYPE": "stageMode"
      }
    ],
    "NATIVE_COMPILER": "Default",
    "BUILD_MODE": "debug",
    "USE_NORMALIZED_OHMURL": true
  },
  "HVIGOR": {
    "IS_INCREMENTAL": true,
    "IS_DAEMON": true,
    "IS_PARALLEL": true,
    "IS_HVIGORFILE_TYPE_CHECK": false,
    "TASK_TIME": {
      "1043bfc77febe75fafec0c4309faccf1": {
        "PreBuild": 26216500,
        "CreateModuleInfo": 2652600,
        "PreCheckSyscap": 1169100,
        "ProcessStartupConfig": 3037300,
        "PreviewProcessResource": 4826900,
        "PreviewCompileResource": 964683200,
        "PreviewHookCompileResource": 1403000,
        "CopyPreviewProfile": 17066900,
        "ReplacePreviewerPage": 1454700,
        "buildPreviewerResource": 753200,
        "PreviewUpdateAssets": 6435300,
        "PreviewArkTS": 5938613600,
        "PreviewBuild": 193100
      }
    },
    "APIS": [
      "getHvigorConfig",
      "getRootNodeDescriptor",
      "getChildNode",
      "getNodeByName",
      "getAllNodes",
      "getRootNode",
      "getNodeName",
      "getNodePath",
      "subNodes",
      "getExtraOption",
      "getExtParam",
      "getExtParams",
      "getProperty",
      "getProperties",
      "getParameter",
      "getProductName",
      "nodesEvaluated",
      "getCommandEntryTask",
      "getStartParams"
    ],
    "CONFIG_PROPERTIES": {
      "enableSignTask": true,
      "skipNativeIncremental": false,
      "hvigor_keepDependency": true
    },
    "TOTAL_TIME": 7349980500,
    "BUILD_ID": "202509081434089980"
  }
}