{"D:\\2MyWork\\ex5\\AppScope\\app.json5":{"hashValue":"56088a2327e1cca82ca5cda515f34bc2","name":"app.json5","path":"D:\\2MyWork\\ex5\\AppScope\\app.json5","type":"file","isSymbolicLink":false,"fileMetaData":{"size":225,"lastModifiedTime":1757312176993}},"D:\\2MyWork\\ex5\\entry\\src\\main\\module.json5":{"hashValue":"81561445d3fda203e720e792fa8af9e8","name":"module.json5","path":"D:\\2MyWork\\ex5\\entry\\src\\main\\module.json5","type":"file","isSymbolicLink":false,"fileMetaData":{"size":1313,"lastModifiedTime":1757312177026}},"D:\\2MyWork\\ex5\\build-profile.json5":{"hashValue":"ec7513144b188102f539b86117be2738","name":"build-profile.json5","path":"D:\\2MyWork\\ex5\\build-profile.json5","type":"file","isSymbolicLink":false,"fileMetaData":{"size":798,"lastModifiedTime":1757312185633}},"D:\\2MyWork\\ex5\\entry\\build-profile.json5":{"hashValue":"dd161478636c3f308ebdb1462aac7ebc","name":"build-profile.json5","path":"D:\\2MyWork\\ex5\\entry\\build-profile.json5","type":"file","isSymbolicLink":false,"fileMetaData":{"size":449,"lastModifiedTime":1757312185636}},"D:\\2MyWork\\ex5\\entry\\src\\main\\resources\\base\\profile\\main_pages.json":{"hashValue":"6f7dec00939d5556e5f510e1251fb999","name":"main_pages.json","path":"D:\\2MyWork\\ex5\\entry\\src\\main\\resources\\base\\profile\\main_pages.json","type":"file","isSymbolicLink":false,"fileMetaData":{"size":56,"lastModifiedTime":1757312962706}},"D:\\2MyWork\\ex5\\hvigor\\hvigor-config.json5":{"hashValue":"9dc56a2cb9152878e205e7ff4703e198","name":"hvigor-config.json5","path":"D:\\2MyWork\\ex5\\hvigor\\hvigor-config.json5","type":"file","isSymbolicLink":false,"fileMetaData":{"size":1467,"lastModifiedTime":1757312172820}},"D:\\2MyWork\\ex5\\entry\\src\\mock\\mock-config.json5":{"hashValue":"09d60dab87b90819ae000a0bb4c2ef8b","name":"mock-config.json5","path":"D:\\2MyWork\\ex5\\entry\\src\\mock\\mock-config.json5","type":"file","isSymbolicLink":false,"fileMetaData":{"size":3,"lastModifiedTime":1757312173152}},"D:\\2MyWork\\ex5\\entry\\oh-package.json5":{"hashValue":"2b3256613aa881da41d8bdd8e368c28b","name":"oh-package.json5","path":"D:\\2MyWork\\ex5\\entry\\oh-package.json5","type":"file","isSymbolicLink":false,"fileMetaData":{"size":183,"lastModifiedTime":1757312172909}},"D:\\2MyWork\\ex5\\oh-package.json5":{"hashValue":"9ef0a78bb3206e0a2b7c2e45111d31ea","name":"oh-package.json5","path":"D:\\2MyWork\\ex5\\oh-package.json5","type":"file","isSymbolicLink":false,"fileMetaData":{"size":210,"lastModifiedTime":1757312185627}},"D:\\2MyWork\\ex5\\entry\\.preview\\default\\intermediates\\merge_profile\\default\\module.json":{"hashValue":"046635c8687279f4a4d117074867bd0a","name":"module.json","path":"D:\\2MyWork\\ex5\\entry\\.preview\\default\\intermediates\\merge_profile\\default\\module.json","type":"file","isSymbolicLink":false,"fileMetaData":{"size":1561,"lastModifiedTime":1757312608412}},"D:\\2MyWork\\ex5\\entry\\.preview\\default\\generated\\profile\\default\\BuildProfile.ets":{"hashValue":"aec79de0f6439c06d22344c7d6afe03e","name":"BuildProfile.ets","path":"D:\\2MyWork\\ex5\\entry\\.preview\\default\\generated\\profile\\default\\BuildProfile.ets","type":"file","isSymbolicLink":false,"fileMetaData":{"size":868,"lastModifiedTime":1757312608415}},"D:\\2MyWork\\ex5\\entry\\.preview\\default\\intermediates\\loader\\default\\pkgContextInfo.json":{"hashValue":"1d7a59b3efaa598098e9d45b52148b30","name":"pkgContextInfo.json","path":"D:\\2MyWork\\ex5\\entry\\.preview\\default\\intermediates\\loader\\default\\pkgContextInfo.json","type":"file","isSymbolicLink":false,"fileMetaData":{"size":444,"lastModifiedTime":1757312608423}},"D:\\2MyWork\\ex5\\entry\\.preview\\default\\intermediates\\process_profile\\default\\module.json":{"hashValue":"7087c101359f9f0cfd581fbb953d7abd","name":"module.json","path":"D:\\2MyWork\\ex5\\entry\\.preview\\default\\intermediates\\process_profile\\default\\module.json","type":"file","isSymbolicLink":false,"fileMetaData":{"size":1647,"lastModifiedTime":1757312609127}},"D:\\2MyWork\\ex5\\entry\\.preview\\default\\intermediates\\router_map\\default\\temp-router-map.json":{"hashValue":"b19a9db244d60f96e86a47db8d95f0b6","name":"temp-router-map.json","path":"D:\\2MyWork\\ex5\\entry\\.preview\\default\\intermediates\\router_map\\default\\temp-router-map.json","type":"file","isSymbolicLink":false,"fileMetaData":{"size":16,"lastModifiedTime":1757312609130}},"D:\\2MyWork\\ex5\\entry\\.preview\\default\\intermediates\\router_map\\default\\loader-router-map.json":{"hashValue":"e284eba70fbf38d971030a03f49f5462","name":"loader-router-map.json","path":"D:\\2MyWork\\ex5\\entry\\.preview\\default\\intermediates\\router_map\\default\\loader-router-map.json","type":"file","isSymbolicLink":false,"fileMetaData":{"size":16,"lastModifiedTime":1757312609131}},"D:\\2MyWork\\ex5\\entry\\.preview\\default\\intermediates\\loader\\default\\loader.json":{"hashValue":"b63567603bee3d2b04134093d31a79d4","name":"loader.json","path":"D:\\2MyWork\\ex5\\entry\\.preview\\default\\intermediates\\loader\\default\\loader.json","type":"file","isSymbolicLink":false,"fileMetaData":{"size":759,"lastModifiedTime":1757312609151}},"D:\\2MyWork\\ex5\\entry\\src\\main\\resources":{"hashValue":"3c61e1de0298bec7e7820a658051e17a","name":"resources","path":"D:\\2MyWork\\ex5\\entry\\src\\main\\resources","type":"directory","isSymbolicLink":false,"children":[{"hashValue":"6d985ecd85d26f250d6046b197e3f5ed","name":"base","path":"D:\\2MyWork\\ex5\\entry\\src\\main\\resources\\base","type":"directory","isSymbolicLink":false,"children":[{"hashValue":"4ff5ed490e961fd2b3b932c09b52f86b","name":"element","path":"D:\\2MyWork\\ex5\\entry\\src\\main\\resources\\base\\element","type":"directory","isSymbolicLink":false,"children":[{"hashValue":"d91c90284f7e1c75d88cd1abe1f62655","name":"color.json","path":"D:\\2MyWork\\ex5\\entry\\src\\main\\resources\\base\\element\\color.json","type":"file","isSymbolicLink":false,"fileMetaData":{"size":105,"lastModifiedTime":1757312173174}},{"hashValue":"d1fa7a10d70838a7c6a7599dff834ef3","name":"float.json","path":"D:\\2MyWork\\ex5\\entry\\src\\main\\resources\\base\\element\\float.json","type":"file","isSymbolicLink":false,"fileMetaData":{"size":100,"lastModifiedTime":1757312173181}},{"hashValue":"bbe632e56db567cef3648c5838d87f52","name":"string.json","path":"D:\\2MyWork\\ex5\\entry\\src\\main\\resources\\base\\element\\string.json","type":"file","isSymbolicLink":false,"fileMetaData":{"size":247,"lastModifiedTime":1757312185624}}]},{"hashValue":"8581f6eb0f320569c59dcc06f0a0a5da","name":"media","path":"D:\\2MyWork\\ex5\\entry\\src\\main\\resources\\base\\media","type":"directory","isSymbolicLink":false,"children":[{"hashValue":"3668b88f52ddb05e9472a109c4d0a69b","name":"background.png","path":"D:\\2MyWork\\ex5\\entry\\src\\main\\resources\\base\\media\\background.png","type":"file","isSymbolicLink":false,"fileMetaData":{"size":91942,"lastModifiedTime":1757312173189}},{"hashValue":"07da93a5446b659cb12ed37edbbc5071","name":"foreground.png","path":"D:\\2MyWork\\ex5\\entry\\src\\main\\resources\\base\\media\\foreground.png","type":"file","isSymbolicLink":false,"fileMetaData":{"size":8805,"lastModifiedTime":1757312173194}},{"hashValue":"592e39769ec2e4999c834ebbd389da50","name":"layered_image.json","path":"D:\\2MyWork\\ex5\\entry\\src\\main\\resources\\base\\media\\layered_image.json","type":"file","isSymbolicLink":false,"fileMetaData":{"size":109,"lastModifiedTime":1757312173198}},{"hashValue":"f06e6fc40247b22f310afb9906044885","name":"startIcon.png","path":"D:\\2MyWork\\ex5\\entry\\src\\main\\resources\\base\\media\\startIcon.png","type":"file","isSymbolicLink":false,"fileMetaData":{"size":20093,"lastModifiedTime":1757312173208}}]},{"hashValue":"c7a2d8b4019b2a4879a919a11eedf2e4","name":"profile","path":"D:\\2MyWork\\ex5\\entry\\src\\main\\resources\\base\\profile","type":"directory","isSymbolicLink":false,"children":[{"hashValue":"ded438b055e9e56310330a368f12dbca","name":"backup_config.json","path":"D:\\2MyWork\\ex5\\entry\\src\\main\\resources\\base\\profile\\backup_config.json","type":"file","isSymbolicLink":false,"fileMetaData":{"size":36,"lastModifiedTime":1757312173258}},{"hashValue":"6f7dec00939d5556e5f510e1251fb999","name":"main_pages.json","path":"D:\\2MyWork\\ex5\\entry\\src\\main\\resources\\base\\profile\\main_pages.json","type":"file","isSymbolicLink":false,"fileMetaData":{"size":56,"lastModifiedTime":1757312962706}}]}]},{"hashValue":"d802c7c2943e48d1faf9889e36a22293","name":"dark","path":"D:\\2MyWork\\ex5\\entry\\src\\main\\resources\\dark","type":"directory","isSymbolicLink":false,"children":[{"hashValue":"61d6c991ff75c3626e69a3e88ed16b75","name":"element","path":"D:\\2MyWork\\ex5\\entry\\src\\main\\resources\\dark\\element","type":"directory","isSymbolicLink":false,"children":[{"hashValue":"74ccf7fa4e4b4452b42208ea98ab304a","name":"color.json","path":"D:\\2MyWork\\ex5\\entry\\src\\main\\resources\\dark\\element\\color.json","type":"file","isSymbolicLink":false,"fileMetaData":{"size":105,"lastModifiedTime":1757312173244}}]}]},{"hashValue":"","name":"rawfile","path":"D:\\2MyWork\\ex5\\entry\\src\\main\\resources\\rawfile","type":"directory","isSymbolicLink":false,"children":[]}]},"D:\\2MyWork\\ex5\\entry\\.preview\\default\\intermediates\\res\\default":{"hashValue":"0d35d33fcb4120a5d04a971d6a82b079","name":"default","path":"D:\\2MyWork\\ex5\\entry\\.preview\\default\\intermediates\\res\\default","type":"directory","isSymbolicLink":false,"children":[{"hashValue":"0ba4d1fc567744b123e46ecc8d7ecbd7","name":"app_compiled","path":"D:\\2MyWork\\ex5\\entry\\.preview\\default\\intermediates\\res\\default\\app_compiled","type":"directory","isSymbolicLink":false,"children":[{"hashValue":"dd598e498069aabec475877fad253dbb","name":"10134601776173576876","path":"D:\\2MyWork\\ex5\\entry\\.preview\\default\\intermediates\\res\\default\\app_compiled\\10134601776173576876","type":"file","isSymbolicLink":false,"fileMetaData":{"size":160,"lastModifiedTime":1757313249716}},{"hashValue":"7e7d216391e0928cd1383ac96afd01c1","name":"11428935706699162466","path":"D:\\2MyWork\\ex5\\entry\\.preview\\default\\intermediates\\res\\default\\app_compiled\\11428935706699162466","type":"file","isSymbolicLink":false,"fileMetaData":{"size":172,"lastModifiedTime":1757313249716}},{"hashValue":"2ba09b8a25744ab34cad961a8cc4140d","name":"3175865194524334683","path":"D:\\2MyWork\\ex5\\entry\\.preview\\default\\intermediates\\res\\default\\app_compiled\\3175865194524334683","type":"file","isSymbolicLink":false,"fileMetaData":{"size":107,"lastModifiedTime":1757313249716}},{"hashValue":"fb61a8aeb1003ba23b233b8f93c3fdcc","name":"5551377278110722171","path":"D:\\2MyWork\\ex5\\entry\\.preview\\default\\intermediates\\res\\default\\app_compiled\\5551377278110722171","type":"file","isSymbolicLink":false,"fileMetaData":{"size":160,"lastModifiedTime":1757313249716}}]},{"hashValue":"22dd2052cc4d1d1b82e1a1f26cbac577","name":"ids_map","path":"D:\\2MyWork\\ex5\\entry\\.preview\\default\\intermediates\\res\\default\\ids_map","type":"directory","isSymbolicLink":false,"children":[{"hashValue":"71d92048ea84747dd8bfc19c3a78b99b","name":"id_defined.json","path":"D:\\2MyWork\\ex5\\entry\\.preview\\default\\intermediates\\res\\default\\ids_map\\id_defined.json","type":"file","isSymbolicLink":false,"fileMetaData":{"size":952,"lastModifiedTime":1757313250329}}]},{"hashValue":"a9946bfb3726003f9dffb1a17c1e589e","name":"mock-config.json","path":"D:\\2MyWork\\ex5\\entry\\.preview\\default\\intermediates\\res\\default\\mock-config.json","type":"file","isSymbolicLink":false,"fileMetaData":{"size":2,"lastModifiedTime":1757312614912}},{"hashValue":"e0829dbbfeb562a8a99b02cc2a69e695","name":"module_compiled","path":"D:\\2MyWork\\ex5\\entry\\.preview\\default\\intermediates\\res\\default\\module_compiled","type":"directory","isSymbolicLink":false,"children":[{"hashValue":"ae7eded4626b5a5fbf4c2a2732bc8396","name":"10710417498782914737","path":"D:\\2MyWork\\ex5\\entry\\.preview\\default\\intermediates\\res\\default\\module_compiled\\10710417498782914737","type":"file","isSymbolicLink":false,"fileMetaData":{"size":184,"lastModifiedTime":1757313250008}},{"hashValue":"718336a466eac282a16f6a3b03fde6ff","name":"11791873391880751966","path":"D:\\2MyWork\\ex5\\entry\\.preview\\default\\intermediates\\res\\default\\module_compiled\\11791873391880751966","type":"file","isSymbolicLink":false,"fileMetaData":{"size":172,"lastModifiedTime":1757313250008}},{"hashValue":"e89bd597989f382ecd5710d558275e7d","name":"16167595249912637309","path":"D:\\2MyWork\\ex5\\entry\\.preview\\default\\intermediates\\res\\default\\module_compiled\\16167595249912637309","type":"file","isSymbolicLink":false,"fileMetaData":{"size":129,"lastModifiedTime":1757313250010}},{"hashValue":"9fb2a96276af851560b5a048e3b67da7","name":"17336832202995058431","path":"D:\\2MyWork\\ex5\\entry\\.preview\\default\\intermediates\\res\\default\\module_compiled\\17336832202995058431","type":"file","isSymbolicLink":false,"fileMetaData":{"size":121,"lastModifiedTime":1757313250007}},{"hashValue":"d5cc8b18991e7e67acc68b4771d8a1a5","name":"2840631902847815715","path":"D:\\2MyWork\\ex5\\entry\\.preview\\default\\intermediates\\res\\default\\module_compiled\\2840631902847815715","type":"file","isSymbolicLink":false,"fileMetaData":{"size":169,"lastModifiedTime":1757313250008}},{"hashValue":"9f1bb21923b1bcf56b7fdeda6e132ceb","name":"4202476425327088883","path":"D:\\2MyWork\\ex5\\entry\\.preview\\default\\intermediates\\res\\default\\module_compiled\\4202476425327088883","type":"file","isSymbolicLink":false,"fileMetaData":{"size":356,"lastModifiedTime":1757313250007}},{"hashValue":"4d28c5d696402aacdba50e38db6adafa","name":"5657660970054325996","path":"D:\\2MyWork\\ex5\\entry\\.preview\\default\\intermediates\\res\\default\\module_compiled\\5657660970054325996","type":"file","isSymbolicLink":false,"fileMetaData":{"size":114,"lastModifiedTime":1757313250007}},{"hashValue":"7d213337c7ec9c6fca0d61cf5258e390","name":"6928407911124056141","path":"D:\\2MyWork\\ex5\\entry\\.preview\\default\\intermediates\\res\\default\\module_compiled\\6928407911124056141","type":"file","isSymbolicLink":false,"fileMetaData":{"size":179,"lastModifiedTime":1757313250008}},{"hashValue":"5c27c9a02b570897f2b5ff9721c02b73","name":"8366081838568059896","path":"D:\\2MyWork\\ex5\\entry\\.preview\\default\\intermediates\\res\\default\\module_compiled\\8366081838568059896","type":"file","isSymbolicLink":false,"fileMetaData":{"size":188,"lastModifiedTime":1757313250008}},{"hashValue":"497ef2b05273f2b039ed0378f8770f75","name":"9488256528662200829","path":"D:\\2MyWork\\ex5\\entry\\.preview\\default\\intermediates\\res\\default\\module_compiled\\9488256528662200829","type":"file","isSymbolicLink":false,"fileMetaData":{"size":172,"lastModifiedTime":1757313250008}}]},{"hashValue":"473767ddd38a49d46a36325e44dd7a28","name":"module.json","path":"D:\\2MyWork\\ex5\\entry\\.preview\\default\\intermediates\\res\\default\\module.json","type":"file","isSymbolicLink":false,"fileMetaData":{"size":1678,"lastModifiedTime":1757313250428}},{"hashValue":"6b0b246de92bb7f45ce8877db2b571e7","name":"resources","path":"D:\\2MyWork\\ex5\\entry\\.preview\\default\\intermediates\\res\\default\\resources","type":"directory","isSymbolicLink":false,"children":[{"hashValue":"615b62b2ae73f6d12fd387d5d1c1016b","name":"base","path":"D:\\2MyWork\\ex5\\entry\\.preview\\default\\intermediates\\res\\default\\resources\\base","type":"directory","isSymbolicLink":false,"children":[{"hashValue":"3c69a869397ebe99a630ad6832bf6295","name":"media","path":"D:\\2MyWork\\ex5\\entry\\.preview\\default\\intermediates\\res\\default\\resources\\base\\media","type":"directory","isSymbolicLink":false,"children":[{"hashValue":"8e78429d128ed6f3fffca834b86c7ac8","name":"layered_image.json","path":"D:\\2MyWork\\ex5\\entry\\.preview\\default\\intermediates\\res\\default\\resources\\base\\media\\layered_image.json","type":"file","isSymbolicLink":false,"fileMetaData":{"size":95,"lastModifiedTime":1757313250328}}]},{"hashValue":"10fd1bd6043e7a21b515bd6ecc6f12e4","name":"profile","path":"D:\\2MyWork\\ex5\\entry\\.preview\\default\\intermediates\\res\\default\\resources\\base\\profile","type":"directory","isSymbolicLink":false,"children":[{"hashValue":"ded438b055e9e56310330a368f12dbca","name":"backup_config.json","path":"D:\\2MyWork\\ex5\\entry\\.preview\\default\\intermediates\\res\\default\\resources\\base\\profile\\backup_config.json","type":"file","isSymbolicLink":false,"fileMetaData":{"size":36,"lastModifiedTime":1757312173258}},{"hashValue":"d78561e5d254b340dae8c01a53a40ae6","name":"main_pages.json","path":"D:\\2MyWork\\ex5\\entry\\.preview\\default\\intermediates\\res\\default\\resources\\base\\profile\\main_pages.json","type":"file","isSymbolicLink":false,"fileMetaData":{"size":39,"lastModifiedTime":1757313250397}}]}]}]},{"hashValue":"0b223cb6d4effe9160eaf949e4e1a0a9","name":"resources.index","path":"D:\\2MyWork\\ex5\\entry\\.preview\\default\\intermediates\\res\\default\\resources.index","type":"file","isSymbolicLink":false,"fileMetaData":{"size":1195,"lastModifiedTime":1757313250328}},{"hashValue":"65cd1fbc48278b445bff3361769975a8","name":"ResourceTable.txt","path":"D:\\2MyWork\\ex5\\entry\\.preview\\default\\intermediates\\res\\default\\ResourceTable.txt","type":"file","isSymbolicLink":false,"fileMetaData":{"size":384,"lastModifiedTime":1757313250330}}]},"D:\\2MyWork\\ex5\\entry\\.preview\\default\\generated\\r\\default":{"hashValue":"a070181595f12bedcb63c828c08ef9e7","name":"default","path":"D:\\2MyWork\\ex5\\entry\\.preview\\default\\generated\\r\\default","type":"directory","isSymbolicLink":false,"children":[{"hashValue":"d8cb80c5b8417bbf764c4af96c669626","name":"ResourceTable.h","path":"D:\\2MyWork\\ex5\\entry\\.preview\\default\\generated\\r\\default\\ResourceTable.h","type":"file","isSymbolicLink":false,"fileMetaData":{"size":1294,"lastModifiedTime":1757313250330}}]},"D:\\2MyWork\\ex5\\entry\\src\\main\\resources\\base\\profile":{"hashValue":"c7a2d8b4019b2a4879a919a11eedf2e4","name":"profile","path":"D:\\2MyWork\\ex5\\entry\\src\\main\\resources\\base\\profile","type":"directory","isSymbolicLink":false,"children":[{"hashValue":"ded438b055e9e56310330a368f12dbca","name":"backup_config.json","path":"D:\\2MyWork\\ex5\\entry\\src\\main\\resources\\base\\profile\\backup_config.json","type":"file","isSymbolicLink":false,"fileMetaData":{"size":36,"lastModifiedTime":1757312173258}},{"hashValue":"6f7dec00939d5556e5f510e1251fb999","name":"main_pages.json","path":"D:\\2MyWork\\ex5\\entry\\src\\main\\resources\\base\\profile\\main_pages.json","type":"file","isSymbolicLink":false,"fileMetaData":{"size":56,"lastModifiedTime":1757312962706}}]},"D:\\2MyWork\\ex5\\entry\\.preview\\default\\intermediates\\res\\default\\resources\\base\\profile":{"hashValue":"10fd1bd6043e7a21b515bd6ecc6f12e4","name":"profile","path":"D:\\2MyWork\\ex5\\entry\\.preview\\default\\intermediates\\res\\default\\resources\\base\\profile","type":"directory","isSymbolicLink":false,"children":[{"hashValue":"ded438b055e9e56310330a368f12dbca","name":"backup_config.json","path":"D:\\2MyWork\\ex5\\entry\\.preview\\default\\intermediates\\res\\default\\resources\\base\\profile\\backup_config.json","type":"file","isSymbolicLink":false,"fileMetaData":{"size":36,"lastModifiedTime":1757312173258}},{"hashValue":"d78561e5d254b340dae8c01a53a40ae6","name":"main_pages.json","path":"D:\\2MyWork\\ex5\\entry\\.preview\\default\\intermediates\\res\\default\\resources\\base\\profile\\main_pages.json","type":"file","isSymbolicLink":false,"fileMetaData":{"size":39,"lastModifiedTime":1757313250397}}]},"D:\\2MyWork\\ex5\\entry\\.preview\\default\\intermediates\\res\\default\\module.json":{"hashValue":"473767ddd38a49d46a36325e44dd7a28","name":"module.json","path":"D:\\2MyWork\\ex5\\entry\\.preview\\default\\intermediates\\res\\default\\module.json","type":"file","isSymbolicLink":false,"fileMetaData":{"size":1678,"lastModifiedTime":1757313250428}},"D:\\2MyWork\\ex5\\entry\\.preview\\default\\intermediates\\res\\default\\resources\\base\\profile\\main_pages.json":{"hashValue":"d78561e5d254b340dae8c01a53a40ae6","name":"main_pages.json","path":"D:\\2MyWork\\ex5\\entry\\.preview\\default\\intermediates\\res\\default\\resources\\base\\profile\\main_pages.json","type":"file","isSymbolicLink":false,"fileMetaData":{"size":39,"lastModifiedTime":1757313250397}},"D:\\2MyWork\\ex5\\entry\\.preview\\default\\intermediates\\loader\\default":{"hashValue":"9f8630f5d8ab21477ce1a0683e9291d1","name":"default","path":"D:\\2MyWork\\ex5\\entry\\.preview\\default\\intermediates\\loader\\default","type":"directory","isSymbolicLink":false,"children":[{"hashValue":"b63567603bee3d2b04134093d31a79d4","name":"loader.json","path":"D:\\2MyWork\\ex5\\entry\\.preview\\default\\intermediates\\loader\\default\\loader.json","type":"file","isSymbolicLink":false,"fileMetaData":{"size":759,"lastModifiedTime":1757312609151}},{"hashValue":"1d7a59b3efaa598098e9d45b52148b30","name":"pkgContextInfo.json","path":"D:\\2MyWork\\ex5\\entry\\.preview\\default\\intermediates\\loader\\default\\pkgContextInfo.json","type":"file","isSymbolicLink":false,"fileMetaData":{"size":444,"lastModifiedTime":1757312608423}}]},"D:\\2MyWork\\ex5\\entry\\.preview\\default\\intermediates\\res\\default\\ResourceTable.txt":{"hashValue":"65cd1fbc48278b445bff3361769975a8","name":"ResourceTable.txt","path":"D:\\2MyWork\\ex5\\entry\\.preview\\default\\intermediates\\res\\default\\ResourceTable.txt","type":"file","isSymbolicLink":false,"fileMetaData":{"size":384,"lastModifiedTime":1757313250330}},"D:\\2MyWork\\ex5\\entry\\src\\main\\ets":{"hashValue":"7632627f66dee87ecf0bcee1135ad9a3","name":"ets","path":"D:\\2MyWork\\ex5\\entry\\src\\main\\ets","type":"directory","isSymbolicLink":false,"children":[{"hashValue":"4de657ef0a09c790d4ee49b8add0f20f","name":"entryability","path":"D:\\2MyWork\\ex5\\entry\\src\\main\\ets\\entryability","type":"directory","isSymbolicLink":false,"children":[{"hashValue":"bfece55673af7c7ef71f34086f6967d2","name":"EntryAbility.ets","path":"D:\\2MyWork\\ex5\\entry\\src\\main\\ets\\entryability\\EntryAbility.ets","type":"file","isSymbolicLink":false,"fileMetaData":{"size":1623,"lastModifiedTime":1757312173236}}]},{"hashValue":"347986b16e98b8874ec2cfc74031a83b","name":"entrybackupability","path":"D:\\2MyWork\\ex5\\entry\\src\\main\\ets\\entrybackupability","type":"directory","isSymbolicLink":false,"children":[{"hashValue":"70c760fb4d2255c8370881f75f438315","name":"EntryBackupAbility.ets","path":"D:\\2MyWork\\ex5\\entry\\src\\main\\ets\\entrybackupability\\EntryBackupAbility.ets","type":"file","isSymbolicLink":false,"fileMetaData":{"size":522,"lastModifiedTime":1757312185630}}]},{"hashValue":"13a728ebe3ce00db3bb284da1f97cd38","name":"pages","path":"D:\\2MyWork\\ex5\\entry\\src\\main\\ets\\pages","type":"directory","isSymbolicLink":false,"children":[{"hashValue":"26193e41069477894afd33e9e6052c52","name":"Index.ets","path":"D:\\2MyWork\\ex5\\entry\\src\\main\\ets\\pages\\Index.ets","type":"file","isSymbolicLink":false,"fileMetaData":{"size":1312,"lastModifiedTime":1757313101613}},{"hashValue":"ef39ea707c7c7299769dae21a25fc39b","name":"Second.ets","path":"D:\\2MyWork\\ex5\\entry\\src\\main\\ets\\pages\\Second.ets","type":"file","isSymbolicLink":false,"fileMetaData":{"size":1371,"lastModifiedTime":1757313232605}}]}]},"D:\\2MyWork\\ex5\\entry\\.preview\\default\\generated\\profile\\default\\ModuleInfo.ts":{"hashValue":"","name":"emptyroot","path":"","type":"unknown","isSymbolicLink":false,"children":[]},"D:\\2MyWork\\ex5\\entry\\.preview\\default\\intermediates\\startup\\default\\startup_config.json":{"hashValue":"","name":"emptyroot","path":"","type":"unknown","isSymbolicLink":false,"children":[]},"D:\\2MyWork\\ex5\\entry\\.preview\\default\\intermediates\\loader_out\\default\\ets":{"hashValue":"","name":"emptyroot","path":"","type":"unknown","isSymbolicLink":false,"children":[]}}