{":ex5:entry:default@PreBuild":{"_inputs":[{"dataType":"ValueEntry","value":"{\"_name\":\"compileApiVersion\",\"_value\":19,\"_valueType\":\"number\"}"},{"dataType":"ValueEntry","value":"{\"_name\":\"compatibleApiVersion\",\"_value\":19,\"_valueType\":\"number\"}"},{"dataType":"ValueEntry","value":"{\"_name\":\"targetStatusCode\",\"_value\":2,\"_valueType\":\"number\"}"},{"dataType":"ValueEntry","value":"{\"_name\":\"apiType\",\"_value\":\"stageMode\",\"_valueType\":\"string\"}"},{"dataType":"ValueEntry","value":"{\"_name\":\"deviceType\",\"_value\":[\"phone\"],\"_valueType\":\"object\"}"},{"dataType":"ValueEntry","value":"{\"_name\":\"codeType\",\"_value\":true,\"_valueType\":\"boolean\"}"},{"dataType":"ValueEntry","value":"{\"_name\":\"sdkToolchainsComponentVersion\",\"_value\":\"5.1.1.212\",\"_valueType\":\"string\"}"},{"dataType":"ValueEntry","value":"{\"_name\":\"profileModuleName\",\"_value\":\"entry\",\"_valueType\":\"string\"}"},{"dataType":"ValueEntry","value":"{\"_name\":\"moduleJsonOpt\",\"_value\":\"{\\\"jsonFilePath\\\":\\\"D:\\\\\\\\2MyWork\\\\\\\\ex5\\\\\\\\entry\\\\\\\\src\\\\\\\\main\\\\\\\\module.json5\\\",\\\"profile\\\":{\\\"module\\\":{\\\"name\\\":\\\"entry\\\",\\\"type\\\":\\\"entry\\\",\\\"description\\\":\\\"$string:module_desc\\\",\\\"mainElement\\\":\\\"EntryAbility\\\",\\\"deviceTypes\\\":[\\\"phone\\\"],\\\"deliveryWithInstall\\\":true,\\\"installationFree\\\":false,\\\"pages\\\":\\\"$profile:main_pages\\\",\\\"abilities\\\":[{\\\"name\\\":\\\"EntryAbility\\\",\\\"srcEntry\\\":\\\"./ets/entryability/EntryAbility.ets\\\",\\\"description\\\":\\\"$string:EntryAbility_desc\\\",\\\"icon\\\":\\\"$media:layered_image\\\",\\\"label\\\":\\\"$string:EntryAbility_label\\\",\\\"startWindowIcon\\\":\\\"$media:startIcon\\\",\\\"startWindowBackground\\\":\\\"$color:start_window_background\\\",\\\"exported\\\":true,\\\"skills\\\":[{\\\"entities\\\":[\\\"entity.system.home\\\"],\\\"actions\\\":[\\\"ohos.want.action.home\\\"]}]}],\\\"extensionAbilities\\\":[{\\\"name\\\":\\\"EntryBackupAbility\\\",\\\"srcEntry\\\":\\\"./ets/entrybackupability/EntryBackupAbility.ets\\\",\\\"type\\\":\\\"backup\\\",\\\"exported\\\":false,\\\"metadata\\\":[{\\\"name\\\":\\\"ohos.extension.backup\\\",\\\"resource\\\":\\\"$profile:backup_config\\\"}]}]}},\\\"deviceTypes\\\":[\\\"phone\\\"],\\\"deviceConfig\\\":\\\"deviceTypes\\\",\\\"configurationProfile\\\":\\\"module.json5\\\"}\",\"_valueType\":\"string\"}"},{"dataType":"ValueEntry","value":"{\"_name\":\"isSupportOhpmProj\",\"_value\":true,\"_valueType\":\"boolean\"}"},{"dataType":"ValueEntry","value":"{\"_name\":\"removePermissions\",\"_valueType\":\"undefined\"}"},{"dataType":"ValueEntry","value":"{\"_name\":\"customTypes\",\"_value\":\"\",\"_valueType\":\"string\"}"},{"dataType":"ValueEntry","value":"{\"_name\":\"useNormalizedOHMUrl\",\"_value\":true,\"_valueType\":\"boolean\"}"},{"dataType":"ValueEntry","value":"{\"_name\":\"integrated_hsp\",\"_value\":false,\"_valueType\":\"boolean\"}"},{"dataType":"ValueEntry","value":"{\"_name\":\"sourceRoots\",\"_value\":true,\"_valueType\":\"boolean\"}"},{"dataType":"ValueEntry","value":"{\"_name\":\"transformLib\",\"_value\":\"\",\"_valueType\":\"string\"}"},{"dataType":"ValueEntry","value":"{\"_name\":\"byteCodeHar\",\"_value\":false,\"_valueType\":\"boolean\"}"},{"dataType":"ValueEntry","value":"{\"_name\":\"configuration\",\"_value\":\"\",\"_valueType\":\"string\"}"},{"dataType":"ValueEntry","value":"{\"_name\":\"configurationFileJson\",\"_value\":\"\",\"_valueType\":\"string\"}"},{"dataType":"ValueEntry","value":"{\"_name\":\"mockConfigSources\",\"_value\":\"\",\"_valueType\":\"string\"}"},{"dataType":"ValueEntry","value":"{\"_name\":\"BUILTIN_TASK_COMMAND\",\"_value\":\"\",\"_valueType\":\"string\"}"},{"dataType":"ValueEntry","value":"{\"_name\":\"BUILTIN_TASK_TOOLCHAIN\",\"_value\":\"\",\"_valueType\":\"string\"}"},{"dataType":"ValueEntry","value":"{\"_name\":\"BUILTIN_TASK_ENV\",\"_value\":\"\",\"_valueType\":\"string\"}"}],"_successful":true,"_projectName":"ex5","_moduleName":"entry","_taskName":"default@PreBuild","_key":":ex5:entry:default@PreBuild","_executionId":":ex5:entry:default@PreBuild:1757313249278","_inputFiles":{"dataType":"Map","value":[["D:\\2MyWork\\ex5\\AppScope\\app.json5",{"isDirectory":false,"fileSnapShotHashValue":"56088a2327e1cca82ca5cda515f34bc2"}],["D:\\2MyWork\\ex5\\entry\\src\\main\\module.json5",{"isDirectory":false,"fileSnapShotHashValue":"81561445d3fda203e720e792fa8af9e8"}],["D:\\2MyWork\\ex5\\build-profile.json5",{"fileSnapShotHashValue":"ec7513144b188102f539b86117be2738"}],["D:\\2MyWork\\ex5\\entry\\build-profile.json5",{"fileSnapShotHashValue":"dd161478636c3f308ebdb1462aac7ebc"}],["D:\\2MyWork\\ex5\\entry\\src\\main\\resources\\base\\profile\\main_pages.json",{"fileSnapShotHashValue":"6f7dec00939d5556e5f510e1251fb999"}],["D:\\2MyWork\\ex5\\hvigor\\hvigor-config.json5",{"isDirectory":true,"fileSnapShotHashValue":"9dc56a2cb9152878e205e7ff4703e198"}],["D:\\2MyWork\\ex5\\entry\\src\\mock\\mock-config.json5",{"isDirectory":false,"fileSnapShotHashValue":"09d60dab87b90819ae000a0bb4c2ef8b"}],["D:\\2MyWork\\ex5\\entry\\oh-package.json5",{"fileSnapShotHashValue":"2b3256613aa881da41d8bdd8e368c28b"}],["D:\\2MyWork\\ex5\\oh-package.json5",{"fileSnapShotHashValue":"9ef0a78bb3206e0a2b7c2e45111d31ea"}]]},"_outputFiles":{"dataType":"Map","value":[]}},":ex5:entry:default@CreateModuleInfo":{"_inputs":[{"dataType":"ValueEntry","value":"{\"_name\":\"ohosUiTransformOptimization\",\"_value\":false,\"_valueType\":\"boolean\"}"},{"dataType":"ValueEntry","value":"{\"_name\":\"BUILTIN_TASK_COMMAND\",\"_value\":\"\",\"_valueType\":\"string\"}"},{"dataType":"ValueEntry","value":"{\"_name\":\"BUILTIN_TASK_TOOLCHAIN\",\"_value\":\"\",\"_valueType\":\"string\"}"},{"dataType":"ValueEntry","value":"{\"_name\":\"BUILTIN_TASK_ENV\",\"_value\":\"\",\"_valueType\":\"string\"}"}],"_successful":false,"_projectName":"ex5","_moduleName":"entry","_taskName":"default@CreateModuleInfo","_key":":ex5:entry:default@CreateModuleInfo","_executionId":":ex5:entry:default@CreateModuleInfo:1757313249302","_inputFiles":{"dataType":"Map","value":[]},"_outputFiles":{"dataType":"Map","value":[["D:\\2MyWork\\ex5\\entry\\.preview\\default\\generated\\profile\\default\\ModuleInfo.ts",{"isDirectory":false,"fileSnapShotHashValue":""}]]}},":ex5:entry:default@MergeProfile":{"_inputs":[{"dataType":"ValueEntry","value":"{\"_name\":\"BUILTIN_TASK_COMMAND\",\"_value\":\"\",\"_valueType\":\"string\",\"_hash\":\"0b5d05294fdf4e78e8482ef53eb64ac0\"}"},{"dataType":"ValueEntry","value":"{\"_name\":\"BUILTIN_TASK_ENV\",\"_value\":\"\",\"_valueType\":\"string\",\"_hash\":\"cdcdc2ec8062ca9ec1de46dbf2bbc053\"}"},{"dataType":"ValueEntry","value":"{\"_name\":\"BUILTIN_TASK_TOOLCHAIN\",\"_value\":\"\",\"_valueType\":\"string\",\"_hash\":\"e7f94a9422a8bc317a7d90b58efcb5f6\"}"},{"dataType":"ValueEntry","value":"{\"_name\":\"appJsonOpt\",\"_value\":\"{\\\"app\\\":{\\\"bundleName\\\":\\\"com.example.myapplication\\\",\\\"vendor\\\":\\\"example\\\",\\\"versionCode\\\":1000000,\\\"versionName\\\":\\\"1.0.0\\\",\\\"icon\\\":\\\"$media:layered_image\\\",\\\"label\\\":\\\"$string:app_name\\\"}}\",\"_valueType\":\"string\",\"_hash\":\"58f1614518825396896261d2c9c94fb0\"}"},{"dataType":"ValueEntry","value":"{\"_name\":\"asanEnable\",\"_value\":false,\"_valueType\":\"boolean\",\"_hash\":\"bc2129ba20a21b7e5234139ede1b4d7b\"}"},{"dataType":"ValueEntry","value":"{\"_name\":\"buildProfileAbilities\",\"_valueType\":\"undefined\",\"_hash\":\"40d5093f345351dd6d67ce5d6a209345\"}"},{"dataType":"ValueEntry","value":"{\"_name\":\"buildRoot\",\"_value\":\".preview\",\"_valueType\":\"string\",\"_hash\":\"88e9a315669657b02bc470a13f92befe\"}"},{"dataType":"ValueEntry","value":"{\"_name\":\"compatibleSdkVersion\",\"_value\":19,\"_valueType\":\"number\",\"_hash\":\"3e6a0422c720b39a898f4c73e0a56d8d\"}"},{"dataType":"ValueEntry","value":"{\"_name\":\"hwasanEnable\",\"_value\":false,\"_valueType\":\"boolean\",\"_hash\":\"d35c8440e915c3a94c482ddd6f7af075\"}"},{"dataType":"ValueEntry","value":"{\"_name\":\"integratedHsp\",\"_value\":false,\"_valueType\":\"boolean\",\"_hash\":\"e67900c25b1f9fb70cc779de77dc6912\"}"},{"dataType":"ValueEntry","value":"{\"_name\":\"isBundledDependencies\",\"_value\":false,\"_valueType\":\"boolean\",\"_hash\":\"a69aa552317c7a6e087cb84a5722e050\"}"},{"dataType":"ValueEntry","value":"{\"_name\":\"isDebug\",\"_value\":true,\"_valueType\":\"boolean\",\"_hash\":\"edbf05a2d2be2c385e75d9565a48d419\"}"},{"dataType":"ValueEntry","value":"{\"_name\":\"isHarModule\",\"_value\":false,\"_valueType\":\"boolean\",\"_hash\":\"a15b7a3ed818faa99a4a10d67f52cb72\"}"},{"dataType":"ValueEntry","value":"{\"_name\":\"moduleJsonOpt\",\"_value\":\"{\\\"module\\\":{\\\"name\\\":\\\"entry\\\",\\\"type\\\":\\\"entry\\\",\\\"description\\\":\\\"$string:module_desc\\\",\\\"mainElement\\\":\\\"EntryAbility\\\",\\\"deviceTypes\\\":[\\\"phone\\\"],\\\"deliveryWithInstall\\\":true,\\\"installationFree\\\":false,\\\"pages\\\":\\\"$profile:main_pages\\\",\\\"abilities\\\":[{\\\"name\\\":\\\"EntryAbility\\\",\\\"srcEntry\\\":\\\"./ets/entryability/EntryAbility.ets\\\",\\\"description\\\":\\\"$string:EntryAbility_desc\\\",\\\"icon\\\":\\\"$media:layered_image\\\",\\\"label\\\":\\\"$string:EntryAbility_label\\\",\\\"startWindowIcon\\\":\\\"$media:startIcon\\\",\\\"startWindowBackground\\\":\\\"$color:start_window_background\\\",\\\"exported\\\":true,\\\"skills\\\":[{\\\"entities\\\":[\\\"entity.system.home\\\"],\\\"actions\\\":[\\\"ohos.want.action.home\\\"]}]}],\\\"extensionAbilities\\\":[{\\\"name\\\":\\\"EntryBackupAbility\\\",\\\"srcEntry\\\":\\\"./ets/entrybackupability/EntryBackupAbility.ets\\\",\\\"type\\\":\\\"backup\\\",\\\"exported\\\":false,\\\"metadata\\\":[{\\\"name\\\":\\\"ohos.extension.backup\\\",\\\"resource\\\":\\\"$profile:backup_config\\\"}]}]}}\",\"_valueType\":\"string\",\"_hash\":\"4b68a9244d887778f4ad21cc06d60d67\"}"},{"dataType":"ValueEntry","value":"{\"_name\":\"multiProjects\",\"_value\":false,\"_valueType\":\"boolean\",\"_hash\":\"555604752defc243b4e4c55d1549fc06\"}"},{"dataType":"ValueEntry","value":"{\"_name\":\"ohLibs\",\"_value\":[],\"_valueType\":\"object\",\"_hash\":\"2925e1c2cb4c5cb62380d4f68b21377c\"}"},{"dataType":"ValueEntry","value":"{\"_name\":\"packageName\",\"_value\":\"entry\",\"_valueType\":\"string\",\"_hash\":\"a754c30e6c7696d34a7f9aca5e67d70a\"}"},{"dataType":"ValueEntry","value":"{\"_name\":\"projectConfigAppOpt\",\"_valueType\":\"undefined\",\"_hash\":\"b52997704fa206ed96a13a1f2e464a85\"}"},{"dataType":"ValueEntry","value":"{\"_name\":\"releaseType\",\"_value\":\"Release\",\"_valueType\":\"string\",\"_hash\":\"bbcabdda034e97584f8c36f85b3ec517\"}"},{"dataType":"ValueEntry","value":"{\"_name\":\"removePermissions\",\"_valueType\":\"undefined\",\"_hash\":\"0703cfc523a152c6195a8fd1935503e5\"}"},{"dataType":"ValueEntry","value":"{\"_name\":\"targetSdkVersion\",\"_value\":19,\"_valueType\":\"number\",\"_hash\":\"94ea607557d20e114ddba9209dfed573\"}"},{"dataType":"ValueEntry","value":"{\"_name\":\"tsanEnable\",\"_value\":false,\"_valueType\":\"boolean\",\"_hash\":\"086cac69f102cdd9ee25e54982ad7b76\"}"},{"dataType":"ValueEntry","value":"{\"_name\":\"ubsanEnable\",\"_value\":false,\"_valueType\":\"boolean\",\"_hash\":\"3b15da42c5f4b695fbd1d0b43191764a\"}"}],"_successful":true,"_projectName":"ex5","_moduleName":"entry","_taskName":"default@MergeProfile","_key":":ex5:entry:default@MergeProfile","_executionId":":ex5:entry:default@MergeProfile:1757312608409","_inputFiles":{"dataType":"Map","value":[["D:\\2MyWork\\ex5\\AppScope\\app.json5",{"fileSnapShotHashValue":"56088a2327e1cca82ca5cda515f34bc2"}],["D:\\2MyWork\\ex5\\build-profile.json5",{"fileSnapShotHashValue":"ec7513144b188102f539b86117be2738"}],["D:\\2MyWork\\ex5\\entry\\src\\main\\module.json5",{"fileSnapShotHashValue":"81561445d3fda203e720e792fa8af9e8"}]]},"_outputFiles":{"dataType":"Map","value":[["D:\\2MyWork\\ex5\\entry\\.preview\\default\\intermediates\\merge_profile\\default\\module.json",{"fileSnapShotHashValue":"046635c8687279f4a4d117074867bd0a"}]]}},":ex5:entry:default@CreateBuildProfile":{"_inputs":[{"dataType":"ValueEntry","value":"{\"_name\":\"BUILTIN_TASK_COMMAND\",\"_value\":\"\",\"_valueType\":\"string\",\"_hash\":\"0b5d05294fdf4e78e8482ef53eb64ac0\"}"},{"dataType":"ValueEntry","value":"{\"_name\":\"BUILTIN_TASK_ENV\",\"_value\":\"\",\"_valueType\":\"string\",\"_hash\":\"cdcdc2ec8062ca9ec1de46dbf2bbc053\"}"},{"dataType":"ValueEntry","value":"{\"_name\":\"BUILTIN_TASK_TOOLCHAIN\",\"_value\":\"\",\"_valueType\":\"string\",\"_hash\":\"e7f94a9422a8bc317a7d90b58efcb5f6\"}"},{"dataType":"ValueEntry","value":"{\"_name\":\"buildMode\",\"_value\":\"Debug\",\"_valueType\":\"string\",\"_hash\":\"8120d22ada0d6de22b101e1f4ea16e81\"}"},{"dataType":"ValueEntry","value":"{\"_name\":\"buildModeName\",\"_value\":\"debug\",\"_valueType\":\"string\",\"_hash\":\"3f0246ea410fd9efa9fc7196cca045e3\"}"},{"dataType":"ValueEntry","value":"{\"_name\":\"buildProfileFields\",\"_value\":\"\",\"_valueType\":\"string\",\"_hash\":\"21090e125326cef17357e44b789a1ab5\"}"},{"dataType":"ValueEntry","value":"{\"_name\":\"projectOhosConfigAppOpt\",\"_value\":\"\",\"_valueType\":\"string\",\"_hash\":\"7613f1b2cb16d78bb723d12882b0d923\"}"}],"_successful":true,"_projectName":"ex5","_moduleName":"entry","_taskName":"default@CreateBuildProfile","_key":":ex5:entry:default@CreateBuildProfile","_executionId":":ex5:entry:default@CreateBuildProfile:1757312608413","_inputFiles":{"dataType":"Map","value":[["D:\\2MyWork\\ex5\\AppScope\\app.json5",{"fileSnapShotHashValue":"56088a2327e1cca82ca5cda515f34bc2"}],["D:\\2MyWork\\ex5\\build-profile.json5",{"fileSnapShotHashValue":"ec7513144b188102f539b86117be2738"}]]},"_outputFiles":{"dataType":"Map","value":[["D:\\2MyWork\\ex5\\entry\\.preview\\default\\generated\\profile\\default\\BuildProfile.ets",{"fileSnapShotHashValue":"aec79de0f6439c06d22344c7d6afe03e"}]]}},":ex5:entry:default@GeneratePkgContextInfo":{"_inputs":[{"dataType":"ValueEntry","value":"{\"_name\":\"BUILTIN_TASK_COMMAND\",\"_value\":\"\",\"_valueType\":\"string\",\"_hash\":\"0b5d05294fdf4e78e8482ef53eb64ac0\"}"},{"dataType":"ValueEntry","value":"{\"_name\":\"BUILTIN_TASK_ENV\",\"_value\":\"\",\"_valueType\":\"string\",\"_hash\":\"cdcdc2ec8062ca9ec1de46dbf2bbc053\"}"},{"dataType":"ValueEntry","value":"{\"_name\":\"BUILTIN_TASK_TOOLCHAIN\",\"_value\":\"\",\"_valueType\":\"string\",\"_hash\":\"e7f94a9422a8bc317a7d90b58efcb5f6\"}"},{"dataType":"ValueEntry","value":"{\"_name\":\"pkgContextInfoMap\",\"_value\":\"{\\\"@ohos/hypium\\\":{\\\"packageName\\\":\\\"@ohos/hypium\\\",\\\"bundleName\\\":\\\"\\\",\\\"moduleName\\\":\\\"\\\",\\\"version\\\":\\\"1.0.21\\\",\\\"entryPath\\\":\\\"index.js\\\",\\\"isSO\\\":false,\\\"dependencyAlias\\\":\\\"\\\"},\\\"@ohos/hamock\\\":{\\\"packageName\\\":\\\"@ohos/hamock\\\",\\\"bundleName\\\":\\\"\\\",\\\"moduleName\\\":\\\"\\\",\\\"version\\\":\\\"1.0.0\\\",\\\"entryPath\\\":\\\"index.ets\\\",\\\"isSO\\\":false,\\\"dependencyAlias\\\":\\\"\\\"},\\\"entry\\\":{\\\"packageName\\\":\\\"entry\\\",\\\"bundleName\\\":\\\"\\\",\\\"moduleName\\\":\\\"\\\",\\\"version\\\":\\\"\\\",\\\"entryPath\\\":\\\"src/main/\\\",\\\"isSO\\\":false,\\\"dependencyAlias\\\":\\\"\\\"}}\",\"_valueType\":\"string\",\"_hash\":\"35afdacc65f4c84a98ad0cdbe6729d36\"}"},{"dataType":"ValueEntry","value":"{\"_name\":\"useNormalizedOHMUrl\",\"_value\":true,\"_valueType\":\"boolean\",\"_hash\":\"05eabcf12e6fe230e579e0fd37679db6\"}"}],"_successful":true,"_projectName":"ex5","_moduleName":"entry","_taskName":"default@GeneratePkgContextInfo","_key":":ex5:entry:default@GeneratePkgContextInfo","_executionId":":ex5:entry:default@GeneratePkgContextInfo:1757312608422","_inputFiles":{"dataType":"Map","value":[]},"_outputFiles":{"dataType":"Map","value":[["D:\\2MyWork\\ex5\\entry\\.preview\\default\\intermediates\\loader\\default\\pkgContextInfo.json",{"isDirectory":false,"fileSnapShotHashValue":"1d7a59b3efaa598098e9d45b52148b30"}]]}},":ex5:entry:default@ProcessProfile":{"_inputs":[{"dataType":"ValueEntry","value":"{\"_name\":\"BUILTIN_TASK_COMMAND\",\"_value\":\"\",\"_valueType\":\"string\",\"_hash\":\"0b5d05294fdf4e78e8482ef53eb64ac0\"}"},{"dataType":"ValueEntry","value":"{\"_name\":\"BUILTIN_TASK_ENV\",\"_value\":\"\",\"_valueType\":\"string\",\"_hash\":\"cdcdc2ec8062ca9ec1de46dbf2bbc053\"}"},{"dataType":"ValueEntry","value":"{\"_name\":\"BUILTIN_TASK_TOOLCHAIN\",\"_value\":\"\",\"_valueType\":\"string\",\"_hash\":\"e7f94a9422a8bc317a7d90b58efcb5f6\"}"},{"dataType":"ValueEntry","value":"{\"_name\":\"arkEnable\",\"_value\":true,\"_valueType\":\"boolean\",\"_hash\":\"750b4bda198545a67903dfb3f6a00a95\"}"},{"dataType":"ValueEntry","value":"{\"_name\":\"compatibleSdkVersionStage\",\"_value\":\"\",\"_valueType\":\"string\",\"_hash\":\"713e499a13beffe12f1dfb936f957a2a\"}"},{"dataType":"ValueEntry","value":"{\"_name\":\"compileMode\",\"_value\":\"esmodule\",\"_valueType\":\"string\",\"_hash\":\"dacafc8e0b77a950178a0b4d142dc32c\"}"},{"dataType":"ValueEntry","value":"{\"_name\":\"dependency\",\"_value\":\"[]\",\"_valueType\":\"string\",\"_hash\":\"ac54f3d4ced2d4c1d666d40e4f7c454a\"}"},{"dataType":"ValueEntry","value":"{\"_name\":\"deviceTypes\",\"_value\":[\"phone\"],\"_valueType\":\"object\",\"_hash\":\"bad57feb108b0c386255b211cb9b3622\"}"},{"dataType":"ValueEntry","value":"{\"_name\":\"harExcludeHSPDependencies\",\"_valueType\":\"undefined\",\"_hash\":\"441c7ca15ef24eb05ff0b3f48a2c455e\"}"}],"_successful":true,"_projectName":"ex5","_moduleName":"entry","_taskName":"default@ProcessProfile","_key":":ex5:entry:default@ProcessProfile","_executionId":":ex5:entry:default@ProcessProfile:1757312608425","_inputFiles":{"dataType":"Map","value":[["D:\\2MyWork\\ex5\\entry\\.preview\\default\\intermediates\\merge_profile\\default\\module.json",{"fileSnapShotHashValue":"046635c8687279f4a4d117074867bd0a"}]]},"_outputFiles":{"dataType":"Map","value":[["D:\\2MyWork\\ex5\\entry\\.preview\\default\\intermediates\\process_profile\\default\\module.json",{"fileSnapShotHashValue":"7087c101359f9f0cfd581fbb953d7abd"}]]}},":ex5:entry:default@ProcessRouterMap":{"_inputs":[{"dataType":"ValueEntry","value":"{\"_name\":\"BUILTIN_TASK_COMMAND\",\"_value\":\"\",\"_valueType\":\"string\",\"_hash\":\"0b5d05294fdf4e78e8482ef53eb64ac0\"}"},{"dataType":"ValueEntry","value":"{\"_name\":\"BUILTIN_TASK_ENV\",\"_value\":\"\",\"_valueType\":\"string\",\"_hash\":\"cdcdc2ec8062ca9ec1de46dbf2bbc053\"}"},{"dataType":"ValueEntry","value":"{\"_name\":\"BUILTIN_TASK_TOOLCHAIN\",\"_value\":\"\",\"_valueType\":\"string\",\"_hash\":\"e7f94a9422a8bc317a7d90b58efcb5f6\"}"},{"dataType":"ValueEntry","value":"{\"_name\":\"byteCodeHar\",\"_value\":false,\"_valueType\":\"boolean\",\"_hash\":\"1918a3ccb645ccacd0aedd84fc6cf8a4\"}"},{"dataType":"ValueEntry","value":"{\"_name\":\"obfuscated\",\"_value\":true,\"_valueType\":\"boolean\",\"_hash\":\"a69c27b9cf01a6710d3662cfe180239f\"}"},{"dataType":"ValueEntry","value":"{\"_name\":\"useNormalizedOHMUrl\",\"_value\":true,\"_valueType\":\"boolean\",\"_hash\":\"05eabcf12e6fe230e579e0fd37679db6\"}"}],"_successful":true,"_projectName":"ex5","_moduleName":"entry","_taskName":"default@ProcessRouterMap","_key":":ex5:entry:default@ProcessRouterMap","_executionId":":ex5:entry:default@ProcessRouterMap:1757312609128","_inputFiles":{"dataType":"Map","value":[["D:\\2MyWork\\ex5\\entry\\oh-package.json5",{"fileSnapShotHashValue":"2b3256613aa881da41d8bdd8e368c28b"}],["D:\\2MyWork\\ex5\\oh-package.json5",{"fileSnapShotHashValue":"9ef0a78bb3206e0a2b7c2e45111d31ea"}],["D:\\2MyWork\\ex5\\entry\\src\\main\\module.json5",{"fileSnapShotHashValue":"81561445d3fda203e720e792fa8af9e8"}],["D:\\2MyWork\\ex5\\entry\\.preview\\default\\intermediates\\loader\\default\\pkgContextInfo.json",{"fileSnapShotHashValue":"1d7a59b3efaa598098e9d45b52148b30"}]]},"_outputFiles":{"dataType":"Map","value":[["D:\\2MyWork\\ex5\\entry\\.preview\\default\\intermediates\\router_map\\default\\temp-router-map.json",{"fileSnapShotHashValue":"b19a9db244d60f96e86a47db8d95f0b6"}],["D:\\2MyWork\\ex5\\entry\\.preview\\default\\intermediates\\router_map\\default\\loader-router-map.json",{"fileSnapShotHashValue":"e284eba70fbf38d971030a03f49f5462"}]]}},":ex5:entry:default@ProcessStartupConfig":{"_inputs":[{"dataType":"ValueEntry","value":"{\"_name\":\"appStartupFileName\",\"_value\":\"\",\"_valueType\":\"string\"}"},{"dataType":"ValueEntry","value":"{\"_name\":\"useNormalizedOHMUrl\",\"_value\":true,\"_valueType\":\"boolean\"}"},{"dataType":"ValueEntry","value":"{\"_name\":\"BUILTIN_TASK_COMMAND\",\"_value\":\"\",\"_valueType\":\"string\"}"},{"dataType":"ValueEntry","value":"{\"_name\":\"BUILTIN_TASK_TOOLCHAIN\",\"_value\":\"\",\"_valueType\":\"string\"}"},{"dataType":"ValueEntry","value":"{\"_name\":\"BUILTIN_TASK_ENV\",\"_value\":\"\",\"_valueType\":\"string\"}"}],"_successful":true,"_projectName":"ex5","_moduleName":"entry","_taskName":"default@ProcessStartupConfig","_key":":ex5:entry:default@ProcessStartupConfig","_executionId":":ex5:entry:default@ProcessStartupConfig:1757313249352","_inputFiles":{"dataType":"Map","value":[["D:\\2MyWork\\ex5\\entry\\.preview\\default\\intermediates\\loader\\default\\pkgContextInfo.json",{"fileSnapShotHashValue":"1d7a59b3efaa598098e9d45b52148b30"}]]},"_outputFiles":{"dataType":"Map","value":[["D:\\2MyWork\\ex5\\entry\\.preview\\default\\intermediates\\startup\\default\\startup_config.json",{"fileSnapShotHashValue":""}]]}},":ex5:entry:default@GenerateLoaderJson":{"_inputs":[{"dataType":"ValueEntry","value":"{\"_name\":\"BUILTIN_TASK_COMMAND\",\"_value\":\"\",\"_valueType\":\"string\",\"_hash\":\"0b5d05294fdf4e78e8482ef53eb64ac0\"}"},{"dataType":"ValueEntry","value":"{\"_name\":\"BUILTIN_TASK_ENV\",\"_value\":\"\",\"_valueType\":\"string\",\"_hash\":\"cdcdc2ec8062ca9ec1de46dbf2bbc053\"}"},{"dataType":"ValueEntry","value":"{\"_name\":\"BUILTIN_TASK_TOOLCHAIN\",\"_value\":\"\",\"_valueType\":\"string\",\"_hash\":\"e7f94a9422a8bc317a7d90b58efcb5f6\"}"},{"dataType":"ValueEntry","value":"{\"_name\":\"anBuildMode\",\"_value\":\"type\",\"_valueType\":\"string\",\"_hash\":\"de241a1eec94a2a622ff1c89f32846a2\"}"},{"dataType":"ValueEntry","value":"{\"_name\":\"apPath\",\"_value\":\"D:\\\\2MyWork\\\\ex5\\\\entry\\\\modules.ap\",\"_valueType\":\"string\",\"_hash\":\"71e384bc3fba0f32f67d103dba6b7a28\"}"},{"dataType":"ValueEntry","value":"{\"_name\":\"appStartupFileName\",\"_value\":\"\",\"_valueType\":\"string\",\"_hash\":\"87d81fdb1c6249048cc0cae16c042f58\"}"},{"dataType":"ValueEntry","value":"{\"_name\":\"compatibleApiVersion\",\"_value\":19,\"_valueType\":\"number\",\"_hash\":\"762ef6343b4e65cf33c52a5fb65c3068\"}"},{"dataType":"ValueEntry","value":"{\"_name\":\"compileApiVersion\",\"_value\":19,\"_valueType\":\"number\",\"_hash\":\"567aaa33725055ef7398e5c2f3a65c4e\"}"},{"dataType":"ValueEntry","value":"{\"_name\":\"compileMode\",\"_value\":\"esmodule\",\"_valueType\":\"string\",\"_hash\":\"dacafc8e0b77a950178a0b4d142dc32c\"}"},{"dataType":"ValueEntry","value":"{\"_name\":\"fallbackAnBuild\",\"_value\":false,\"_valueType\":\"boolean\",\"_hash\":\"a63e98bb3f368ced6ed4d5579ea7ca39\"}"},{"dataType":"ValueEntry","value":"{\"_name\":\"harNameOhmMap\",\"_value\":\"{}\",\"_valueType\":\"string\",\"_hash\":\"0faf006bccbcdc2c7f04ff2d8c87894f\"}"},{"dataType":"ValueEntry","value":"{\"_name\":\"hspNameOhmMap\",\"_value\":\"{}\",\"_valueType\":\"string\",\"_hash\":\"0e2d87e0c1ed279c66bc3efb8683e5d1\"}"},{"dataType":"ValueEntry","value":"{\"_name\":\"isBundledDependencies\",\"_value\":false,\"_valueType\":\"boolean\",\"_hash\":\"a69aa552317c7a6e087cb84a5722e050\"}"},{"dataType":"ValueEntry","value":"{\"_name\":\"isByteCodeHar\",\"_value\":false,\"_valueType\":\"boolean\",\"_hash\":\"c5f9b9e5cabee4253d52d0d01ca64ba2\"}"},{"dataType":"ValueEntry","value":"{\"_name\":\"isByteCodeHarOptimize\",\"_value\":false,\"_valueType\":\"boolean\",\"_hash\":\"8bead8cfc37204aef1ea61b5629a86a7\"}"},{"dataType":"ValueEntry","value":"{\"_name\":\"isFullCompilationEnabled\",\"_value\":true,\"_valueType\":\"boolean\",\"_hash\":\"98b683d049e4e7fc32ef1be5321fe0b6\"}"},{"dataType":"ValueEntry","value":"{\"_name\":\"isHarWithCoverage\",\"_value\":false,\"_valueType\":\"boolean\",\"_hash\":\"7224a86bd9c5f83cb9a1a61584afcfb4\"}"},{"dataType":"ValueEntry","value":"{\"_name\":\"isOhosTest\",\"_value\":false,\"_valueType\":\"boolean\",\"_hash\":\"d82a43074b4d7726f9a69dbce1ae80d2\"}"},{"dataType":"ValueEntry","value":"{\"_name\":\"modulePathMap\",\"_value\":\"{\\\"entry\\\":\\\"D:\\\\\\\\2MyWork\\\\\\\\ex5\\\\\\\\entry\\\"}\",\"_valueType\":\"string\",\"_hash\":\"263e820999884da441e08ed02f694246\"}"},{"dataType":"ValueEntry","value":"{\"_name\":\"module_dependencies\",\"_value\":\"{}\",\"_valueType\":\"string\",\"_hash\":\"974757f304b5bfd1c1454ea7a38cd0d5\"}"},{"dataType":"ValueEntry","value":"{\"_name\":\"needSubmitArkTsWidget\",\"_value\":false,\"_valueType\":\"boolean\",\"_hash\":\"dc1ab65720a503a3d9098eab280b7116\"}"},{"dataType":"ValueEntry","value":"{\"_name\":\"nodeModulesPath\",\"_value\":\"D:\\\\2MyWork\\\\ex5\\\\entry\\\\.preview\\\\default\\\\intermediates\\\\loader_out\\\\default\\\\node_modules\",\"_valueType\":\"string\",\"_hash\":\"01dc5d749a39fdb4d4890c08d4d22a4b\"}"},{"dataType":"ValueEntry","value":"{\"_name\":\"overrides\",\"_valueType\":\"undefined\",\"_hash\":\"0e8f66f8eb79c6f33fb153c3fc3942f4\"}"},{"dataType":"ValueEntry","value":"{\"_name\":\"patchConfig\",\"_valueType\":\"undefined\",\"_hash\":\"4620e35a57f3f6f55564cea6f6128e50\"}"},{"dataType":"ValueEntry","value":"{\"_name\":\"projectRootPath\",\"_value\":\"D:\\\\2MyWork\\\\ex5\",\"_valueType\":\"string\",\"_hash\":\"b517d9d375267b250f2fbb9f3a5fda00\"}"},{"dataType":"ValueEntry","value":"{\"_name\":\"project_dependencies\",\"_value\":\"{}\",\"_valueType\":\"string\",\"_hash\":\"e15496bf1de2273597f444f07f1ca6d5\"}"},{"dataType":"ValueEntry","value":"{\"_name\":\"shouldTreatHarAsHap\",\"_value\":false,\"_valueType\":\"boolean\",\"_hash\":\"24c9a48f68bd9cc73238825ca10c9629\"}"},{"dataType":"ValueEntry","value":"{\"_name\":\"targetConfig\",\"_value\":\"{\\\"name\\\":\\\"default\\\"}\",\"_valueType\":\"string\",\"_hash\":\"44f0c01d44e2bbf4013c5bb1f232e1fe\"}"},{"dataType":"ValueEntry","value":"{\"_name\":\"useNormalizedOHMUrl\",\"_value\":true,\"_valueType\":\"boolean\",\"_hash\":\"05eabcf12e6fe230e579e0fd37679db6\"}"}],"_successful":true,"_projectName":"ex5","_moduleName":"entry","_taskName":"default@GenerateLoaderJson","_key":":ex5:entry:default@GenerateLoaderJson","_executionId":":ex5:entry:default@GenerateLoaderJson:1757312609148","_inputFiles":{"dataType":"Map","value":[["D:\\2MyWork\\ex5\\entry\\src\\mock\\mock-config.json5",{"fileSnapShotHashValue":"09d60dab87b90819ae000a0bb4c2ef8b"}],["D:\\2MyWork\\ex5\\entry\\.preview\\default\\intermediates\\loader\\default\\pkgContextInfo.json",{"fileSnapShotHashValue":"1d7a59b3efaa598098e9d45b52148b30"}],["D:\\2MyWork\\ex5\\entry\\.preview\\default\\intermediates\\router_map\\default\\temp-router-map.json",{"fileSnapShotHashValue":"b19a9db244d60f96e86a47db8d95f0b6"}]]},"_outputFiles":{"dataType":"Map","value":[["D:\\2MyWork\\ex5\\entry\\.preview\\default\\intermediates\\loader\\default\\loader.json",{"isDirectory":false,"fileSnapShotHashValue":"b63567603bee3d2b04134093d31a79d4"}]]}},":ex5:entry:default@PreviewCompileResource":{"_inputs":[{"dataType":"ValueEntry","value":"{\"_name\":\"PREVIEWER_REPLACE_PAGE\",\"_valueType\":\"undefined\"}"},{"dataType":"ValueEntry","value":"{\"_name\":\"PREVIEWER_REPLACE_SRCPATH\",\"_valueType\":\"undefined\"}"},{"dataType":"ValueEntry","value":"{\"_name\":\"TARGET_CONFIG\",\"_value\":\"{\\\"name\\\":\\\"default\\\"}\",\"_valueType\":\"string\"}"},{"dataType":"ValueEntry","value":"{\"_name\":\"BUILTIN_TASK_COMMAND\",\"_value\":\"\",\"_valueType\":\"string\"}"},{"dataType":"ValueEntry","value":"{\"_name\":\"BUILTIN_TASK_TOOLCHAIN\",\"_value\":\"D:\\\\tools\\\\DevEco\\\\DevEco Studio\\\\sdk\\\\default\\\\openharmony\\\\toolchains\\\\restool.exe\",\"_valueType\":\"string\"}"},{"dataType":"ValueEntry","value":"{\"_name\":\"BUILTIN_TASK_ENV\",\"_value\":\"\",\"_valueType\":\"string\"}"}],"_successful":true,"_projectName":"ex5","_moduleName":"entry","_taskName":"default@PreviewCompileResource","_key":":ex5:entry:default@PreviewCompileResource","_executionId":":ex5:entry:default@PreviewCompileResource:1757313249391","_inputFiles":{"dataType":"Map","value":[["D:\\2MyWork\\ex5\\entry\\src\\main\\resources",{"fileSnapShotHashValue":"3c61e1de0298bec7e7820a658051e17a"}],["D:\\2MyWork\\ex5\\entry\\.preview\\default\\intermediates\\merge_profile\\default\\module.json",{"fileSnapShotHashValue":"046635c8687279f4a4d117074867bd0a"}]]},"_outputFiles":{"dataType":"Map","value":[["D:\\2MyWork\\ex5\\entry\\.preview\\default\\intermediates\\res\\default",{"isDirectory":true,"fileSnapShotHashValue":"0d35d33fcb4120a5d04a971d6a82b079"}],["D:\\2MyWork\\ex5\\entry\\.preview\\default\\generated\\r\\default",{"isDirectory":true,"fileSnapShotHashValue":"a070181595f12bedcb63c828c08ef9e7"}]]}},":ex5:entry:default@CopyPreviewProfile":{"_inputs":[{"dataType":"ValueEntry","value":"{\"_name\":\"BUILTIN_TASK_COMMAND\",\"_value\":\"\",\"_valueType\":\"string\"}"},{"dataType":"ValueEntry","value":"{\"_name\":\"BUILTIN_TASK_TOOLCHAIN\",\"_value\":\"\",\"_valueType\":\"string\"}"},{"dataType":"ValueEntry","value":"{\"_name\":\"BUILTIN_TASK_ENV\",\"_value\":\"\",\"_valueType\":\"string\"}"}],"_successful":true,"_projectName":"ex5","_moduleName":"entry","_taskName":"default@CopyPreviewProfile","_key":":ex5:entry:default@CopyPreviewProfile","_executionId":":ex5:entry:default@CopyPreviewProfile:1757313250365","_inputFiles":{"dataType":"Map","value":[["D:\\2MyWork\\ex5\\entry\\src\\main\\resources\\base\\profile",{"fileSnapShotHashValue":"c7a2d8b4019b2a4879a919a11eedf2e4"}]]},"_outputFiles":{"dataType":"Map","value":[["D:\\2MyWork\\ex5\\entry\\.preview\\default\\intermediates\\res\\default\\resources\\base\\profile",{"fileSnapShotHashValue":"10fd1bd6043e7a21b515bd6ecc6f12e4"}]]}},":ex5:entry:default@PreviewUpdateAssets":{"_inputs":[{"dataType":"ValueEntry","value":"{\"_name\":\"previewBuildConfigJson\",\"_value\":\"{\\\"deviceType\\\":\\\"phone\\\",\\\"buildMode\\\":\\\"debug\\\",\\\"note\\\":\\\"false\\\",\\\"logLevel\\\":\\\"3\\\",\\\"isPreview\\\":\\\"true\\\",\\\"checkEntry\\\":\\\"true\\\",\\\"localPropertiesPath\\\":\\\"D:\\\\\\\\2MyWork\\\\\\\\ex5\\\\\\\\local.properties\\\",\\\"Path\\\":\\\"D:\\\\\\\\tools\\\\\\\\DevEco\\\\\\\\DevEco Studio\\\\\\\\tools\\\\\\\\node\\\\\\\\\\\",\\\"aceProfilePath\\\":\\\"D:\\\\\\\\2MyWork\\\\\\\\ex5\\\\\\\\entry\\\\\\\\.preview\\\\\\\\default\\\\\\\\intermediates\\\\\\\\res\\\\\\\\default\\\\\\\\resources\\\\\\\\base\\\\\\\\profile\\\",\\\"hapMode\\\":\\\"false\\\",\\\"img2bin\\\":\\\"true\\\",\\\"projectProfilePath\\\":\\\"D:\\\\\\\\2MyWork\\\\\\\\ex5\\\\\\\\build-profile.json5\\\",\\\"watchMode\\\":\\\"true\\\",\\\"appResource\\\":\\\"D:\\\\\\\\2MyWork\\\\\\\\ex5\\\\\\\\entry\\\\\\\\.preview\\\\\\\\default\\\\\\\\intermediates\\\\\\\\res\\\\\\\\default\\\\\\\\ResourceTable.txt\\\",\\\"aceBuildJson\\\":\\\"D:\\\\\\\\2MyWork\\\\\\\\ex5\\\\\\\\entry\\\\\\\\.preview\\\\\\\\default\\\\\\\\intermediates\\\\\\\\loader\\\\\\\\default\\\\\\\\loader.json\\\",\\\"aceModuleRoot\\\":\\\"D:\\\\\\\\2MyWork\\\\\\\\ex5\\\\\\\\entry\\\\\\\\src\\\\\\\\main\\\\\\\\ets\\\",\\\"aceSoPath\\\":\\\"D:\\\\\\\\2MyWork\\\\\\\\ex5\\\\\\\\entry\\\\\\\\.preview\\\\\\\\cache\\\\\\\\nativeDependencies.txt\\\",\\\"cachePath\\\":\\\"D:\\\\\\\\2MyWork\\\\\\\\ex5\\\\\\\\entry\\\\\\\\.preview\\\\\\\\cache\\\\\\\\.default\\\",\\\"aceModuleBuild\\\":\\\"D:\\\\\\\\2MyWork\\\\\\\\ex5\\\\\\\\entry\\\\\\\\.preview\\\\\\\\default\\\\\\\\intermediates\\\\\\\\assets\\\\\\\\default\\\\\\\\ets\\\",\\\"aceModuleJsonPath\\\":\\\"D:\\\\\\\\2MyWork\\\\\\\\ex5\\\\\\\\entry\\\\\\\\.preview\\\\\\\\default\\\\\\\\intermediates\\\\\\\\res\\\\\\\\default\\\\\\\\module.json\\\",\\\"stageRouterConfig\\\":{\\\"paths\\\":[\\\"D:\\\\\\\\2MyWork\\\\\\\\ex5\\\\\\\\entry\\\\\\\\.preview\\\\\\\\default\\\\\\\\intermediates\\\\\\\\res\\\\\\\\default\\\\\\\\module.json\\\",\\\"D:\\\\\\\\2MyWork\\\\\\\\ex5\\\\\\\\entry\\\\\\\\.preview\\\\\\\\default\\\\\\\\intermediates\\\\\\\\res\\\\\\\\default\\\\\\\\resources\\\\\\\\base\\\\\\\\profile\\\\\\\\main_pages.json\\\"],\\\"contents\\\":[\\\"{\\\\\\\"module\\\\\\\":{\\\\\\\"pages\\\\\\\":\\\\\\\"$profile:main_pages\\\\\\\",\\\\\\\"name\\\\\\\":\\\\\\\"entry\\\\\\\"}}\\\",\\\"{\\\\\\\"src\\\\\\\":[\\\\\\\"pages/Index\\\\\\\",\\\\\\\"pages/Second\\\\\\\"]}\\\"]}}\",\"_valueType\":\"string\"}"},{"dataType":"ValueEntry","value":"{\"_name\":\"BUILTIN_TASK_COMMAND\",\"_value\":\"\",\"_valueType\":\"string\"}"},{"dataType":"ValueEntry","value":"{\"_name\":\"BUILTIN_TASK_TOOLCHAIN\",\"_value\":\"\",\"_valueType\":\"string\"}"},{"dataType":"ValueEntry","value":"{\"_name\":\"BUILTIN_TASK_ENV\",\"_value\":\"\",\"_valueType\":\"string\"}"}],"_successful":true,"_projectName":"ex5","_moduleName":"entry","_taskName":"default@PreviewUpdateAssets","_key":":ex5:entry:default@PreviewUpdateAssets","_executionId":":ex5:entry:default@PreviewUpdateAssets:1757313250393","_inputFiles":{"dataType":"Map","value":[]},"_outputFiles":{"dataType":"Map","value":[["D:\\2MyWork\\ex5\\entry\\.preview\\default\\intermediates\\res\\default\\module.json",{"isDirectory":false,"fileSnapShotHashValue":"473767ddd38a49d46a36325e44dd7a28"}],["D:\\2MyWork\\ex5\\entry\\.preview\\default\\intermediates\\res\\default\\resources\\base\\profile\\main_pages.json",{"isDirectory":false,"fileSnapShotHashValue":"d78561e5d254b340dae8c01a53a40ae6"}]]}},":ex5:entry:default@PreviewArkTS":{"_inputs":[{"dataType":"ValueEntry","value":"{\"_name\":\"debuggable\",\"_value\":true,\"_valueType\":\"boolean\"}"},{"dataType":"ValueEntry","value":"{\"_name\":\"isArk\",\"_value\":true,\"_valueType\":\"boolean\"}"},{"dataType":"ValueEntry","value":"{\"_name\":\"needCoverageInsert\",\"_value\":false,\"_valueType\":\"boolean\"}"},{"dataType":"ValueEntry","value":"{\"_name\":\"ark.tsImportSendable\",\"_value\":false,\"_valueType\":\"boolean\"}"},{"dataType":"ValueEntry","value":"{\"_name\":\"customTypes\",\"_value\":\"\",\"_valueType\":\"string\"}"},{"dataType":"ValueEntry","value":"{\"_name\":\"isByteCodeHarOptimize\",\"_value\":false,\"_valueType\":\"boolean\"}"},{"dataType":"ValueEntry","value":"{\"_name\":\"caseSensitiveCheck\",\"_value\":true,\"_valueType\":\"boolean\"}"},{"dataType":"ValueEntry","value":"{\"_name\":\"useNormalizedOHMUrl\",\"_value\":true,\"_valueType\":\"boolean\"}"},{"dataType":"ValueEntry","value":"{\"_name\":\"transformLib\",\"_value\":\"\",\"_valueType\":\"string\"}"},{"dataType":"ValueEntry","value":"{\"_name\":\"compatibleSdkVersionStage\",\"_value\":\"\",\"_valueType\":\"string\"}"},{"dataType":"ValueEntry","value":"{\"_name\":\"autoLazyImport\",\"_value\":false,\"_valueType\":\"boolean\"}"},{"dataType":"ValueEntry","value":"{\"_name\":\"allowEmptyBundleName\",\"_value\":false,\"_valueType\":\"boolean\"}"},{"dataType":"ValueEntry","value":"{\"_name\":\"reExportCheckMode\",\"_value\":\"noCheck\",\"_valueType\":\"string\"}"},{"dataType":"ValueEntry","value":"{\"_name\":\"executionMode\",\"_value\":\"memory\",\"_valueType\":\"string\"}"},{"dataType":"ValueEntry","value":"{\"_name\":\"arkTsWdiget\",\"_value\":false,\"_valueType\":\"boolean\"}"},{"dataType":"ValueEntry","value":"{\"_name\":\"OBFUSCATION_ENABLE\",\"_value\":\"undefined\",\"_valueType\":\"string\"}"},{"dataType":"ValueEntry","value":"{\"_name\":\"OBFUSCATION_FILES_HASH\",\"_value\":\"\",\"_valueType\":\"string\"}"},{"dataType":"ValueEntry","value":"{\"_name\":\"maxFlowDepth\",\"_value\":\"undefined\",\"_valueType\":\"string\"}"},{"dataType":"ValueEntry","value":"{\"_name\":\"noExternalImportByPath\",\"_value\":true,\"_valueType\":\"boolean\"}"},{"dataType":"ValueEntry","value":"{\"_name\":\"copyCodeResourceEnable\",\"_value\":true,\"_valueType\":\"boolean\"}"},{"dataType":"ValueEntry","value":"{\"_name\":\"copyCodeResourceExcludes\",\"_value\":[],\"_valueType\":\"object\"}"},{"dataType":"ValueEntry","value":"{\"_name\":\"ohos.uiTransform.Optimization\",\"_value\":false,\"_valueType\":\"boolean\"}"},{"dataType":"ValueEntry","value":"{\"_name\":\"BUILTIN_TASK_COMMAND\",\"_value\":\"\",\"_valueType\":\"string\"}"},{"dataType":"ValueEntry","value":"{\"_name\":\"BUILTIN_TASK_TOOLCHAIN\",\"_value\":\"\",\"_valueType\":\"string\"}"},{"dataType":"ValueEntry","value":"{\"_name\":\"BUILTIN_TASK_ENV\",\"_value\":\"\",\"_valueType\":\"string\"}"}],"_successful":true,"_projectName":"ex5","_moduleName":"entry","_taskName":"default@PreviewArkTS","_key":":ex5:entry:default@PreviewArkTS","_executionId":":ex5:entry:default@PreviewArkTS:1757313250405","_inputFiles":{"dataType":"Map","value":[["D:\\2MyWork\\ex5\\entry\\.preview\\default\\intermediates\\loader\\default",{"isDirectory":true,"fileSnapShotHashValue":"9f8630f5d8ab21477ce1a0683e9291d1"}],["D:\\2MyWork\\ex5\\entry\\.preview\\default\\intermediates\\res\\default\\ResourceTable.txt",{"fileSnapShotHashValue":"65cd1fbc48278b445bff3361769975a8"}],["D:\\2MyWork\\ex5\\entry\\.preview\\default\\intermediates\\process_profile\\default\\module.json",{"fileSnapShotHashValue":"7087c101359f9f0cfd581fbb953d7abd"}],["D:\\2MyWork\\ex5\\entry\\.preview\\default\\intermediates\\res\\default\\resources\\base\\profile",{"isDirectory":true,"fileSnapShotHashValue":"10fd1bd6043e7a21b515bd6ecc6f12e4"}],["D:\\2MyWork\\ex5\\entry\\src\\main\\ets",{"isDirectory":true,"fileSnapShotHashValue":"7632627f66dee87ecf0bcee1135ad9a3"}],["D:\\2MyWork\\ex5\\entry\\.preview\\default\\intermediates\\loader\\default\\pkgContextInfo.json",{"fileSnapShotHashValue":"1d7a59b3efaa598098e9d45b52148b30"}],["D:\\2MyWork\\ex5\\entry\\.preview\\default\\generated\\profile\\default\\BuildProfile.ets",{"fileSnapShotHashValue":"aec79de0f6439c06d22344c7d6afe03e"}],["D:\\2MyWork\\ex5\\entry\\src\\mock\\mock-config.json5",{"isDirectory":false,"fileSnapShotHashValue":"09d60dab87b90819ae000a0bb4c2ef8b"}]]},"_outputFiles":{"dataType":"Map","value":[["D:\\2MyWork\\ex5\\entry\\.preview\\default\\intermediates\\loader_out\\default\\ets",{"isDirectory":true,"fileSnapShotHashValue":""}]]}}}