{"deviceType":"phone","buildMode":"debug","note":"false","logLevel":"3","isPreview":"true","port":"29901","checkEntry":"true","localPropertiesPath":"D:\\2MyWork\\ex5\\local.properties","Path":"D:\\tools\\DevEco\\DevEco Studio\\tools\\node\\","aceProfilePath":"D:\\2MyWork\\ex5\\entry\\.preview\\default\\intermediates\\res\\default\\resources\\base\\profile","hapMode":"false","img2bin":"true","projectProfilePath":"D:\\2MyWork\\ex5\\build-profile.json5","watchMode":"true","appResource":"D:\\2MyWork\\ex5\\entry\\.preview\\default\\intermediates\\res\\default\\ResourceTable.txt","aceBuildJson":"D:\\2MyWork\\ex5\\entry\\.preview\\default\\intermediates\\loader\\default\\loader.json","aceModuleRoot":"D:\\2MyWork\\ex5\\entry\\src\\main\\ets","aceSoPath":"D:\\2MyWork\\ex5\\entry\\.preview\\cache\\nativeDependencies.txt","cachePath":"D:\\2MyWork\\ex5\\entry\\.preview\\cache\\.default","aceModuleBuild":"D:\\2MyWork\\ex5\\entry\\.preview\\default\\intermediates\\assets\\default\\ets","aceModuleJsonPath":"D:\\2MyWork\\ex5\\entry\\.preview\\default\\intermediates\\res\\default\\module.json","stageRouterConfig":{"paths":["D:\\2MyWork\\ex5\\entry\\.preview\\default\\intermediates\\res\\default\\module.json","D:\\2MyWork\\ex5\\entry\\.preview\\default\\intermediates\\res\\default\\resources\\base\\profile\\main_pages.json"],"contents":["{\"module\":{\"pages\":\"$profile:main_pages\",\"name\":\"entry\"}}","{\"src\":[\"pages/Index\",\"pages/Second\"]}"]}}