{"CACHE_SYNC_FILE_HASH":{"D:\\2MyWork\\ex5\\hvigor\\hvigor-config.json5":"705cad133fae4a1626f1592cb1e869cd59c126b07074352cec5914dcf7cc6841","D:\\2MyWork\\ex5\\build-profile.json5":"798813a04ffcfb741f1ef46c8b02e30be902ccdc192c982a47d6b6e60e297588","D:\\2MyWork\\ex5\\hvigorfile.ts":"1a6a9415d009b81ed961d349a93642c87918043a4327094db7186ea657494950","D:\\2MyWork\\ex5\\oh-package.json5":"a5e4c93fc942c757867738247acb66f9a886f64fcb9663deeedab54c2fa022cd","D:\\2MyWork\\ex5\\entry\\build-profile.json5":"b1b3084301e1bbdb75b06a81e0b883c9ef81cce163e03f4ff3324b4766b122ca","D:\\2MyWork\\ex5\\entry\\hvigorfile.ts":"306c83bb4181be2293a4142c2c50c5f74ed727211bb092bd46efdee56babb534","D:\\2MyWork\\ex5\\entry\\oh-package.json5":"b6c6dfa2f8ce21f820b23b07a94d9e96c8fbe6e06fa69880b4e524f2666e0578","D:\\2MyWork\\ex5\\.hvigor\\outputs\\sync\\output.json":"4be608cea4defbe4c379d7026304c5fdfef1aec8e1047740e44c32cdc71da7e2","SDK_LOCATION":"D:/tools/DevEco/DevEco Studio/sdk"},"OHPM_INSTALL_FILE_HASH":{"D:\\2MyWork\\ex5\\oh-package.json5":"a5e4c93fc942c757867738247acb66f9a886f64fcb9663deeedab54c2fa022cd","D:\\2MyWork\\ex5\\oh_modules\\.ohpm\\lock.json5":"4b29ed1495b2d73a07a2e166df3d8633b4d8139dde05f5b4b75b3d85b04fa8b9","D:\\2MyWork\\ex5\\entry\\oh-package.json5":"b6c6dfa2f8ce21f820b23b07a94d9e96c8fbe6e06fa69880b4e524f2666e0578","D:\\2MyWork\\ex5\\oh_modules":true,"D:\\2MyWork\\ex5\\entry\\oh_modules":false}}